1,34.279232,4.249269,9.250010,6.665252,
2,34.279232,3.827478,8.863404,5.814319,
3,34.279232,3.934380,11.181229,8.091035,
4,56.862823,4.002243,11.283120,9.006310,
5,72.662582,3.931761,13.360791,8.541902,
6,76.979927,4.125462,16.164478,9.764143,
7,76.979927,3.887647,15.004006,11.181117,
8,76.979927,4.427022,17.790188,12.808435,
9,76.979927,4.018015,18.149780,12.974581,
10,104.590790,3.912988,20.083778,11.529047,
11,104.590790,4.423824,16.382980,12.334891,
12,104.590790,3.956924,16.827457,13.139689,
13,104.590790,4.154860,18.749987,11.375954,
14,184.382172,5.272076,23.910345,13.302261,
15,184.382172,3.788544,20.628428,13.903383,
16,184.382172,4.356379,21.972094,12.733047,
17,184.382172,4.076528,22.664639,15.043116,
18,184.382172,3.912788,21.354631,12.704461,
19,184.382172,3.918082,26.870642,16.385860,
20,184.382172,5.056937,25.368454,19.143011,
21,184.382172,6.998257,25.437359,18.847210,
22,184.382172,4.628245,28.018564,25.221632,
23,184.382172,9.068048,30.814232,26.346542,
24,184.382172,3.833144,29.610859,21.859238,
25,184.382172,8.652653,35.374199,28.542377,
26,184.382172,4.323845,35.631954,29.303532,
27,184.382172,5.842806,32.454880,30.408102,
28,184.382172,4.090181,37.098705,32.922871,
29,184.382172,4.305645,40.439491,32.962345,
30,184.382172,3.918468,42.402702,41.523327,
31,184.382172,11.220617,42.699959,37.200302,
32,184.382172,8.550985,44.762711,36.664932,
33,184.382172,9.031442,42.519234,37.246506,
34,184.382172,4.827191,43.199730,37.306290,
35,184.382172,3.819113,43.021099,38.488708,
36,184.382172,9.005117,40.413383,37.488083,
37,184.382172,9.071602,46.034187,41.212967,
38,184.382172,4.208912,49.753887,47.123726,
39,184.382172,9.051250,51.136864,48.958702,
40,184.382172,9.933644,43.588871,41.403755,
41,184.382172,5.448888,47.133465,45.821686,
42,184.382172,4.308275,41.902557,36.459038,
43,184.382172,8.525351,48.172348,43.704277,
44,184.382172,4.294075,47.578613,41.990360,
45,184.382172,8.976516,45.823025,37.430584,
46,184.382172,3.933845,47.564621,41.955303,
47,184.382172,4.139856,54.359100,47.016685,
48,184.382172,6.740739,46.005695,36.918232,
49,184.382172,9.646378,51.809055,49.120373,
50,184.382172,3.938928,49.156395,45.134106,
51,184.382172,5.195196,44.991112,40.190674,
52,184.382172,3.969792,48.272308,43.940140,
53,184.382172,9.082236,54.885754,47.533367,
54,184.382172,8.667918,49.355553,43.685272,
55,184.382172,5.254164,59.667801,52.964832,
56,184.382172,3.702356,55.093025,44.263348,
57,184.382172,10.914371,60.009216,50.022366,
58,184.382172,8.876403,67.361000,62.887280,
59,184.382172,6.224558,54.921555,45.130527,
60,184.382172,3.869723,49.937424,38.437607,
61,184.382172,4.429586,50.994648,41.665508,
62,184.382172,4.208662,49.601265,36.544567,
63,184.382172,9.361313,50.135838,46.753044,
64,184.382172,9.403877,49.580780,46.365246,
65,184.382172,8.586398,37.474380,20.188910,
66,184.382172,9.424355,47.922810,34.580307,
67,184.382172,4.406703,44.889458,40.875416,
68,184.382172,3.845829,49.201462,36.059090,
69,184.382172,3.844592,53.325428,46.599678,
70,184.382172,3.810120,47.530071,34.228348,
71,184.382172,4.299977,46.193150,37.662441,
72,184.382172,4.260818,60.810497,60.583183,
73,339.063660,4.832693,73.551804,59.262245,
74,339.063660,4.325941,64.879379,48.484833,
75,339.063660,10.012964,82.397270,70.980637,
76,446.265167,3.987697,96.684471,65.904968,
77,446.265167,8.715977,108.847710,93.260361,
78,446.265167,4.087008,128.414047,121.064034,
79,486.006409,4.104309,108.895668,79.913872,
80,523.671204,4.121323,150.539673,107.669830,
81,523.671204,4.355146,168.511337,124.448143,
82,523.671204,4.321807,171.521912,87.118393,
83,523.671204,9.643295,178.348755,125.568443,
84,523.671204,7.288892,192.422791,165.021683,
85,535.931152,5.142089,203.713028,169.882339,
86,535.931152,6.266866,201.728851,143.706223,
87,2219.375244,10.798819,284.827637,177.599792,
88,2219.375244,9.978567,211.045502,145.720001,
89,2219.375244,4.450759,193.567688,148.492233,
90,2219.375244,4.213091,171.233047,96.097603,
91,2219.375244,4.127502,184.185577,130.917374,
92,2219.375244,4.213892,195.080124,115.726791,
93,2219.375244,5.287946,189.016541,120.725571,
94,2219.375244,4.664083,183.634277,117.003723,
95,2219.375244,8.781255,177.365845,143.755829,
96,2219.375244,4.218141,208.476547,133.740646,
97,2219.375244,4.113124,213.150925,124.212181,
98,2219.375244,6.707171,217.832748,144.190384,
99,2219.375244,9.905381,201.171646,145.713409,
100,2219.375244,11.085907,208.128632,144.858963,
101,2219.375244,8.893626,231.827484,126.590775,
102,2219.375244,6.105418,219.858566,150.997238,
103,2219.375244,3.829626,233.967575,161.095093,
104,2219.375244,8.726486,289.835754,265.407959,
105,2219.375244,13.541843,254.158615,174.527252,
106,2219.375244,4.306657,301.050720,242.133133,
107,2219.375244,9.480702,314.491180,302.415070,
108,2219.375244,4.017463,250.753021,193.171448,
109,2219.375244,4.214478,259.200043,175.083145,
110,2219.375244,9.110229,313.677734,269.635651,
111,2219.375244,4.142331,322.169739,305.565308,
112,2219.375244,4.629122,288.107025,212.026321,
113,2219.375244,9.588954,257.842987,170.903442,
114,2219.375244,5.953435,308.049744,247.156586,
115,2219.375244,5.078510,348.906921,246.439774,
116,2219.375244,4.293851,293.839050,228.729279,
117,2219.375244,4.217138,226.712723,140.414169,
118,2219.375244,4.234440,280.261047,170.327942,
119,2219.375244,6.629318,329.942505,371.871185,
120,2219.375244,4.137942,337.265503,360.503815,
121,2219.375244,8.791519,380.808746,368.738617,
122,2219.375244,5.775779,343.300964,319.587524,
123,2219.375244,4.125664,350.941925,405.936157,
124,2219.375244,4.078684,343.507080,391.874420,
125,2219.375244,4.961305,378.965942,438.443024,
126,2219.375244,4.190668,304.902344,255.364304,
127,2219.375244,9.858475,367.533600,383.697449,
128,2219.375244,4.042459,319.045013,328.074615,
129,2219.375244,4.342978,315.174622,257.557648,
130,2219.375244,8.808174,366.288208,384.880188,
131,2219.375244,4.305862,348.918701,251.075195,
132,2219.375244,6.350963,294.061707,148.582230,
133,2219.375244,8.940224,363.518188,339.446228,
134,2219.375244,10.044174,333.444763,192.995590,
135,2219.375244,4.109535,321.036316,246.831604,
136,2219.375244,3.932604,344.972473,235.626801,
137,2219.375244,4.451176,349.319061,408.339386,
138,2219.375244,8.846313,322.810272,237.436462,
139,2323.933350,4.224891,414.252594,468.562561,
140,2323.933350,4.380594,268.668030,180.779510,
141,2323.933350,8.845960,398.370056,439.312561,
142,2323.933350,4.304231,378.680023,292.949158,
143,2323.933350,4.309068,399.467712,472.323059,
144,2323.933350,4.532276,362.524841,308.396881,
145,2323.933350,4.689094,401.236847,405.120728,
146,2323.933350,9.207212,394.936096,237.637329,
147,2323.933350,4.143709,469.696899,480.406219,
148,2323.933350,5.510615,471.771942,499.079590,
149,2344.642090,9.938363,508.077087,503.511322,
150,2344.642090,4.192726,492.124237,447.417999,
151,2501.399414,4.898642,564.967773,475.734375,
152,2501.399414,4.306453,412.766907,291.965759,
153,2501.399414,4.121893,409.289276,480.100891,
154,2501.399414,4.225543,411.685974,512.897522,
155,2501.399414,4.479151,441.594482,504.586823,
156,2501.399414,4.321585,413.909943,431.353180,
157,2501.399414,5.663629,551.412109,523.275635,
158,2501.399414,4.020054,477.136627,513.456543,
159,2501.399414,10.312295,527.792236,512.922058,
160,2501.399414,4.120655,600.780029,497.342560,
161,2501.399414,7.224751,522.414429,488.056458,
162,2501.399414,4.136462,552.172485,512.597046,
163,2501.399414,4.152253,459.210632,443.299438,
164,2501.399414,3.968684,450.992004,502.463257,
165,2501.399414,3.932030,418.466064,502.443237,
166,2501.399414,4.398975,507.208496,516.099548,
167,2501.399414,4.300279,462.422668,512.830933,
168,2501.399414,8.900461,388.827698,487.011627,
169,2501.399414,4.304742,374.844788,398.101410,
170,2501.399414,9.535893,497.751923,381.493683,
171,2501.399414,4.220370,608.182922,526.341553,
172,2501.399414,4.443671,539.232788,505.194092,
173,2501.399414,4.294265,391.124542,457.149475,
174,2501.399414,6.233607,565.983032,499.588837,
175,2501.399414,4.131200,585.551880,465.514954,
176,2501.399414,3.852539,472.026184,504.520111,
177,2501.399414,5.471905,572.594543,497.477509,
178,2501.399414,5.433616,573.825317,499.203430,
179,2501.399414,12.680630,579.296326,527.929077,
180,2504.545410,4.493907,521.882507,487.350830,
181,2504.545410,4.195493,599.952454,512.331482,
182,2543.809082,9.192169,559.796021,470.528351,
183,2543.809082,10.656624,669.761719,524.900391,
184,2543.809082,4.017486,651.857178,526.610474,
185,2543.809082,4.015615,727.593567,533.712830,
186,2543.809082,4.524479,771.485718,534.271545,
187,2543.809082,6.663527,864.185181,539.558716,
188,2543.809082,4.333925,890.106995,537.368286,
189,2543.809082,4.559823,816.486267,526.887451,
190,2543.809082,3.985332,703.400513,463.148712,
191,2544.395020,4.484764,840.315125,519.734436,
192,2544.395020,9.096305,764.132507,534.257263,
193,2544.395020,9.110620,711.031677,527.456482,
194,2544.395020,13.251143,848.816101,540.978210,
195,2544.395020,4.121060,847.948181,528.480164,
196,2544.395020,4.233955,933.251892,533.748230,
197,2544.395020,9.872189,882.899231,539.826233,
198,2544.395020,4.144276,846.104004,537.538452,
199,2544.395020,8.983914,915.953674,535.885315,
200,2544.395020,4.578326,864.025879,522.658691,
201,2544.395020,9.007134,966.521790,537.009399,
202,2545.092773,4.301349,877.833618,516.140320,
203,2545.092773,4.124681,833.936279,528.086731,
204,2545.092773,4.056812,824.540833,478.517853,
205,2545.092773,8.658264,893.515991,517.347290,
206,2545.092773,3.846394,807.174133,512.056396,
207,2545.092773,4.123742,864.697693,533.382385,
208,2663.597900,11.154774,978.554565,529.748047,
209,2663.597900,5.502703,869.443970,502.458954,
210,2663.597900,4.021615,988.041016,538.866760,
211,2663.597900,4.126911,896.204651,532.262817,
212,2663.597900,4.214497,866.705688,528.838745,
213,2663.597900,8.899299,710.131653,530.702454,
214,2663.597900,4.121242,602.134521,518.934143,
215,2663.597900,4.209400,779.948608,523.203918,
216,2663.597900,8.646739,808.383911,527.827576,
217,2663.597900,10.814086,760.719360,524.450256,
218,2663.597900,4.126565,635.785156,509.954590,
219,2663.597900,4.125700,621.215515,533.391541,
220,2663.597900,4.000500,621.749451,501.354980,
221,2663.597900,4.514389,619.443298,447.777496,
222,2663.597900,4.300049,678.383301,522.889282,
223,2663.597900,4.020364,754.224609,528.723389,
224,2663.597900,4.256033,734.749634,505.399597,
225,2663.597900,4.011101,669.777649,496.908478,
226,2663.597900,4.160285,808.412842,466.913330,
227,2663.597900,4.612420,775.775330,462.847870,
228,2663.597900,4.291721,941.211975,527.559998,
229,2663.597900,5.915823,986.712585,538.609314,
230,2663.597900,4.019162,914.215210,540.703308,
231,2663.597900,8.714353,1049.033203,539.375854,
232,2663.597900,4.249434,943.399109,537.585022,
233,2663.597900,4.188324,1005.386536,537.356934,
234,2663.597900,4.218501,1040.914551,535.257996,
235,2663.597900,4.296148,989.683411,527.639709,
236,2663.597900,4.294104,895.841187,539.343262,
237,3860.895508,11.371270,1103.689697,541.626282,
238,3892.508545,4.423098,755.251709,514.778870,
239,3892.508545,5.196147,761.776306,530.027649,
240,3993.773926,4.038296,908.019653,521.107849,
241,3993.773926,4.689866,957.779846,536.368896,
242,3993.773926,9.996553,848.607727,535.929810,
243,3993.773926,8.948159,1032.728760,534.582764,
244,3993.773926,3.863713,839.579163,390.479431,
245,4278.341797,5.543467,905.639526,536.945129,
246,4278.341797,3.987454,995.236328,520.806274,
247,4278.341797,9.013925,1312.822754,547.424866,
248,4278.341797,4.021245,952.214966,516.431763,
249,4278.341797,9.978529,1243.968140,546.864990,
250,4278.341797,4.213792,1175.160889,507.693756,
251,4278.341797,4.297001,1463.508179,543.313721,
252,4278.341797,5.884753,1352.067749,526.714905,
253,4278.341797,4.287041,1318.782471,537.120178,
254,4278.341797,4.103825,1514.014038,537.557922,
255,4278.341797,4.296391,1685.740967,535.783813,
256,4278.341797,4.294894,1571.396118,545.544006,
257,4278.341797,4.296259,1570.670288,547.674561,
258,4278.341797,10.713598,1419.790527,540.269775,
259,4278.341797,4.075818,1596.186523,549.075317,
260,4278.341797,11.157899,1661.531494,549.282593,
261,4278.341797,4.131548,1616.053955,548.679932,
262,4278.341797,4.517630,1585.909546,539.597412,
263,4278.341797,9.211772,1530.568237,535.346069,
264,4372.107422,8.745458,1617.791748,541.235474,
265,4372.107422,9.206003,1439.611816,543.240417,
266,4372.107422,8.923961,1652.869751,550.530701,
267,4372.107422,9.086558,1595.458618,547.091614,
268,4372.107422,4.293706,1762.766846,544.872253,
269,4372.107422,4.180390,1537.122437,541.793457,
270,4477.260742,4.296770,1576.604858,544.573914,
271,4477.260742,4.504798,1528.919922,531.415039,
272,4477.260742,4.291460,1407.413696,544.815491,
273,4477.260742,4.128473,1535.539917,541.897766,
274,4477.260742,3.974977,1566.234741,537.445190,
275,4505.423828,4.028304,1575.605225,543.656982,
276,4505.423828,4.294557,1480.332153,536.905151,
277,4505.423828,9.232008,1940.848877,552.833862,
278,4505.423828,4.296736,1614.100586,542.398621,
279,4505.423828,11.403469,1653.428223,550.419373,
280,4505.423828,10.135143,1526.061646,542.678833,
281,4505.423828,10.961582,1430.112305,517.457642,
282,4505.423828,4.125236,1593.042480,531.914368,
283,4505.423828,6.677970,1736.761841,546.706116,
284,4505.423828,10.256052,1485.598511,538.244812,
285,4505.423828,9.705210,1582.680054,544.614502,
286,4505.423828,4.639375,1480.305908,535.700562,
287,4552.593750,4.065979,1665.310913,539.745911,
288,4552.593750,4.684134,1791.644531,539.793274,
289,4552.593750,9.412645,1638.858765,541.119324,
290,4552.593750,5.021367,1771.666870,549.772461,
291,4552.593750,9.050360,1622.055420,523.835938,
292,4552.593750,4.255646,1749.681763,542.070923,
293,4552.593750,4.243566,1736.558960,540.316589,
294,4552.593750,4.293342,1864.796387,548.638245,
295,4552.593750,10.726327,1841.709717,549.538574,
296,4552.593750,4.165517,1704.339722,537.664001,
297,4552.593750,8.553190,1673.745239,543.908325,
298,4552.593750,9.605208,1676.792236,532.222534,
299,4552.593750,4.240478,1713.962036,543.103699,
300,4552.593750,4.722782,1953.796753,542.536621,
301,4552.593750,9.501376,1953.790283,547.901733,
302,4717.149414,9.030152,1732.009155,539.624939,
303,4717.149414,4.120775,1625.360107,545.729004,
304,4717.149414,9.084150,1849.297241,541.786072,
305,4717.149414,4.137297,1861.789795,551.045715,
306,4717.149414,9.012580,1946.901123,550.531799,
307,4717.149414,9.089086,1858.103149,539.541321,
308,4717.149414,10.823548,1636.887939,550.695984,
309,4717.149414,9.908011,1581.803833,534.489502,
310,4717.149414,12.049912,1833.027344,553.814819,
311,4717.149414,4.005195,1486.212036,544.996704,
312,4717.149414,7.466580,1499.617554,540.533508,
313,4717.149414,9.980984,1509.266113,547.541748,
314,4717.149414,9.607749,1786.315430,551.434998,
315,4717.149414,4.005767,1803.478394,545.760193,
316,4717.149414,10.872294,2032.932007,554.686096,
317,4717.149414,8.567967,1691.544556,539.626404,
318,4717.149414,9.731476,1683.463745,526.015320,
319,4717.149414,9.142829,1605.432983,541.832520,
320,4717.149414,8.628001,1767.622070,544.189941,
321,4717.149414,11.047262,1705.922729,544.009155,
322,4717.149414,4.291602,1701.322998,549.681885,
323,4717.149414,9.555546,1819.547241,525.118896,
324,4756.340820,8.810733,1643.016846,507.159882,
325,4756.340820,11.019691,2168.902344,556.045288,
326,4756.340820,9.295440,1840.964233,549.633911,
327,4756.340820,9.100229,1758.954224,552.687378,
328,4756.340820,9.954061,1853.380127,548.379700,
329,4756.340820,4.110503,1882.799194,552.285217,
330,4756.340820,10.614719,2104.474365,553.491760,
331,4756.340820,4.221460,1710.535400,549.930542,
332,4756.340820,3.908029,1446.602417,511.963745,
333,4756.340820,10.464881,1843.571655,552.275452,
334,4756.340820,10.205089,1673.791504,544.031006,
335,4756.340820,4.048925,1779.501709,532.721924,
336,4756.340820,4.294384,1827.418457,538.845154,
337,4756.340820,8.763366,1814.877930,552.094238,
338,4756.340820,9.259728,1867.555542,552.971069,
339,4756.340820,8.906339,1492.434814,525.606995,
340,4756.340820,4.370228,1848.083740,545.227539,
341,4756.340820,7.854249,1963.138062,552.970520,
342,4756.340820,8.772225,1536.751221,498.962372,
343,4756.340820,4.499264,1463.399902,495.284943,
344,4756.340820,3.916933,1742.983887,551.655823,
345,4756.340820,11.062941,1943.339478,554.255859,
346,4756.340820,11.071588,1926.124756,554.287537,
347,4756.340820,10.387855,2092.272949,553.196838,
348,4799.490234,3.938686,1855.442261,547.326111,
349,4799.490234,9.657256,1743.809204,538.242004,
350,4799.490234,10.393657,1723.500122,544.083374,
351,4799.490234,12.034739,1694.272217,549.419189,
352,4799.490234,9.887402,1702.306763,547.055481,
353,4799.490234,4.194549,2343.762207,2529.702148,
354,4799.490234,9.943670,1930.782593,553.746704,
355,4799.490234,4.041358,1756.128418,547.798462,
356,4799.490234,11.784548,1924.343018,547.737793,
357,4799.490234,4.474377,1983.484131,553.438904,
358,4799.490234,9.657241,1886.798584,547.684631,
359,4799.490234,4.060218,1862.638550,549.786072,
360,4799.490234,4.620507,1942.615234,549.759094,
361,4799.490234,10.022139,1675.348389,548.837708,
362,4799.490234,9.394387,1848.152832,552.408203,
363,6536.936523,10.907999,2021.458862,551.171570,
364,6536.936523,11.450561,1790.234375,552.066711,
365,6536.936523,8.860337,1554.585083,534.718689,
366,6536.936523,4.166937,1395.243530,536.400940,
367,6536.936523,9.428414,1550.973022,549.429626,
368,6536.936523,12.378739,1698.680054,553.409973,
369,6536.936523,4.455211,1612.309448,550.442322,
370,6536.936523,8.952701,1356.415161,534.335449,
371,6536.936523,9.437346,1620.905273,547.666382,
372,6536.936523,9.506266,1442.492920,537.108215,
373,6814.244141,9.536456,1606.580444,539.902283,
374,6814.244141,4.544435,1491.688843,538.102722,
375,6814.244141,9.894961,1298.644531,536.748962,
376,6814.244141,4.296693,1569.259399,549.320618,
377,6814.244141,10.032280,1450.272705,537.569275,
378,6814.244141,9.903697,1597.013916,550.776917,
379,6814.244141,9.580539,1481.543579,548.219299,
380,6814.244141,4.010348,1653.166138,531.580200,
381,6814.244141,4.302060,1598.192627,537.987671,
382,6814.244141,10.855620,1777.891357,546.820740,
383,6814.244141,9.695581,1348.482910,518.884644,
384,6814.244141,9.596867,1646.450073,544.161560,
385,6814.244141,4.058672,1500.468872,541.258118,
386,6814.244141,8.947418,1339.416870,545.274170,
387,6814.244141,7.963748,1293.940674,539.745178,
388,6814.244141,4.393961,1447.618408,542.819214,
389,6814.244141,4.128601,1551.144409,544.832886,
390,6814.244141,11.037028,1525.651001,550.006348,
391,6814.244141,9.393667,1441.166504,542.632751,
392,6814.244141,7.082610,1471.117188,523.880310,
393,6814.244141,9.627796,1392.198730,551.215942,
394,6814.244141,4.831502,1375.130371,543.494202,
395,6814.244141,4.036122,1343.303223,534.087952,
396,6814.244141,9.521212,1363.862793,532.659363,
397,6814.244141,9.694055,1577.597168,546.295044,
398,6814.244141,10.973153,1741.299683,553.314087,
399,6814.244141,8.892661,1309.020752,542.636292,
400,6814.244141,4.293835,1577.013062,551.414612,
401,6814.244141,4.188718,1657.395142,549.233032,
402,6814.244141,11.143533,1560.328125,548.775452,
403,6814.244141,7.177601,1442.563843,540.235046,
404,6814.244141,14.028584,1657.386230,547.446655,
405,6814.244141,4.297699,1544.533447,543.602417,
406,6814.244141,4.717713,1609.473877,554.517883,
407,6814.244141,4.205401,1719.275879,553.076172,
408,6814.244141,3.929017,1427.954346,479.899231,
409,6814.244141,9.389929,1536.021240,543.340332,
410,6814.244141,9.388082,1500.768799,548.157043,
411,6814.244141,3.901229,1606.252075,548.691772,
412,6814.244141,5.747061,1200.813721,543.164490,
413,6814.244141,9.372223,1460.692749,549.479919,
414,6814.244141,10.206233,1576.042236,550.967590,
415,6814.244141,10.022476,1378.698120,547.461914,
416,6814.244141,4.675931,1582.673828,530.292419,
417,6814.244141,4.293119,1811.496826,550.928894,
418,6814.244141,4.521912,1484.493896,532.897827,
419,6814.244141,9.267860,1510.636963,547.177307,
420,6814.244141,9.487104,1177.176147,545.933960,
421,6814.244141,4.031442,1521.941284,553.084900,
422,6814.244141,9.069641,1681.874878,549.057556,
423,6814.244141,9.716079,1584.581421,545.474304,
424,6814.244141,4.438826,1645.203247,553.633240,
425,6814.244141,4.011054,1398.285156,543.215881,
426,6814.244141,10.864626,1635.441528,552.735657,
427,6814.244141,4.545573,1626.418823,530.527588,
428,6814.244141,10.315582,1590.619629,550.898376,
429,6814.244141,3.947694,1710.775513,550.133972,
430,6814.244141,9.402785,1577.918213,541.530701,
431,6814.244141,4.125248,1763.324707,551.132568,
432,6814.244141,4.391670,1559.250244,550.818848,
433,6814.244141,11.592504,1490.403564,549.510071,
434,6814.244141,9.111386,1680.447754,553.100647,
435,6814.244141,4.294001,1890.984375,555.231384,
436,6814.244141,9.139405,1477.017212,546.825256,
437,6814.244141,10.066409,1520.636230,546.465210,
438,6814.244141,5.236724,1610.269897,546.805542,
439,6814.244141,4.504211,1668.265869,552.925537,
440,6814.244141,4.974316,1574.717285,549.279785,
441,6814.244141,8.905357,1766.599854,550.148621,
442,6814.244141,9.447142,1583.293823,523.619385,
443,6814.244141,4.715775,1363.709839,544.172607,
444,6814.244141,4.634832,1441.028198,544.117432,
445,6814.244141,10.644939,1666.797852,549.169373,
446,6814.244141,10.135128,1380.036621,551.356628,
447,6814.244141,9.764488,1551.622559,551.774048,
448,6814.244141,4.097079,1374.731934,492.229858,
449,6814.244141,4.117507,1529.669678,545.827515,
450,6814.244141,5.195878,1520.683960,546.991089,
451,6814.244141,4.128456,1327.975952,536.888916,
452,6814.244141,8.630545,1646.014893,551.076294,
453,6814.244141,4.456797,1688.531494,550.369263,
454,6814.244141,4.040256,1309.716553,514.741394,
455,6814.244141,9.393788,1671.146973,548.882568,
456,6814.244141,9.510696,1505.193481,534.999878,
457,6814.244141,9.189567,1534.590942,541.995483,
458,6814.244141,8.843479,1923.303589,550.220154,
459,6814.244141,9.012150,1984.213135,556.447327,
460,6814.244141,10.862377,1916.078613,554.479370,
461,6814.244141,9.533569,1520.137329,546.664246,
462,6814.244141,4.300316,1555.498413,530.780334,
463,6814.244141,4.299786,1631.163086,543.150818,
464,6814.244141,5.017411,1720.509399,547.803711,
465,6814.244141,6.804745,1913.946899,547.972290,
466,6814.244141,10.450216,2083.538574,555.552673,
467,6814.244141,3.931098,1762.575684,525.663696,
468,6814.244141,5.112839,2058.509033,551.812744,
469,6814.244141,3.999463,1826.177856,549.294373,
470,6814.244141,10.562674,1777.350220,552.148621,
471,6814.244141,9.408219,1664.957275,535.003784,
472,6814.244141,9.525329,1801.167969,555.706360,
473,6814.244141,7.249646,1430.552246,537.814148,
474,6814.244141,11.231369,1342.124023,545.743286,
475,6814.244141,8.990864,1460.476074,539.173645,
476,6814.244141,3.909009,1258.075562,536.776733,
477,6814.244141,9.318571,1509.608398,533.488525,
478,6814.244141,9.238276,1543.947754,526.669617,
479,6814.244141,9.879590,1757.844971,551.071655,
480,6814.244141,9.776190,1822.526855,555.009521,
481,6814.244141,9.954604,1570.649536,550.668762,
482,6814.244141,4.521945,1167.759521,533.034973,
483,6814.244141,9.728884,1810.424561,552.760742,
484,6814.244141,9.475597,1426.080078,544.330627,
485,6814.244141,9.275482,1370.284668,537.958252,
486,6814.244141,4.200924,1402.750610,548.704773,
487,6814.244141,5.257441,1254.171997,548.807251,
488,6814.244141,10.912650,1245.750610,543.738464,
489,6814.244141,9.548732,1070.896606,534.184998,
490,6814.244141,11.062186,1137.384399,542.840515,
491,6814.244141,7.331197,891.156799,496.059753,
492,6814.244141,10.400358,856.764099,507.936554,
493,6814.244141,11.487623,976.302734,537.796692,
494,6814.244141,9.718393,1277.870361,543.305542,
495,6814.244141,11.068664,1265.948364,537.676086,
496,6814.244141,4.018225,1511.192993,553.112793,
497,6814.244141,9.564222,1351.290039,542.608582,
498,6814.244141,10.935589,1371.035645,543.948730,
499,6814.244141,10.767256,1544.148438,551.132935,
500,6814.244141,10.365424,1432.200684,546.368530,
501,6814.244141,4.889861,1215.803101,545.633240,
502,6814.244141,4.195503,1252.798340,537.642029,
503,6814.244141,4.196196,1370.546143,545.789490,
504,6814.244141,9.247469,1380.782349,545.360718,
505,6814.244141,8.711575,1446.738770,549.108582,
506,6814.244141,10.432693,1439.199829,548.461609,
507,6814.244141,10.668935,1080.539307,529.034241,
508,6814.244141,9.749372,919.566467,532.924500,
509,6814.244141,9.161172,1442.125854,547.945129,
510,6814.244141,10.695141,1631.512085,555.780823,
511,6814.244141,3.990777,1192.797607,548.189331,
512,6814.244141,10.888935,1379.753784,546.092468,
513,6814.244141,9.848707,1399.211304,545.654236,
514,6814.244141,4.196027,1328.277954,542.185120,
515,6814.244141,4.313126,1401.629639,543.104370,
516,6814.244141,4.216149,1137.330078,544.695740,
517,6814.244141,3.900941,1525.438843,542.892273,
518,6814.244141,9.270411,1216.488159,505.366089,
519,6814.244141,5.248405,1343.242188,544.134705,
520,6814.244141,9.907693,1549.190186,553.162903,
521,6814.244141,4.202781,1510.562256,525.179260,
522,6814.244141,9.740559,1236.847900,548.695984,
523,6814.244141,10.922111,1128.749268,529.095825,
524,6814.244141,4.299021,1153.052490,530.799133,
525,6814.244141,4.463766,1259.710205,547.073914,
526,6814.244141,4.301284,976.173584,528.614746,
527,6814.244141,4.000192,1559.312378,549.989868,
528,6814.244141,9.370190,1464.764526,547.152832,
529,6814.244141,3.850956,1416.617310,544.240356,
530,6814.244141,12.029860,1596.149292,551.312378,
531,6814.244141,9.374882,1416.253418,536.145142,
532,6814.244141,9.744718,1050.342651,496.504608,
533,6814.244141,4.329537,1323.405273,540.604797,
534,6814.244141,4.040374,1282.147705,468.722321,
535,6814.244141,7.713752,1702.133301,547.824280,
536,6814.244141,4.117266,1750.065186,553.148987,
537,6814.244141,4.301929,1370.893311,533.468628,
538,6814.244141,5.874856,1443.120117,547.260254,
539,6814.244141,9.528458,1577.139893,550.980896,
540,6814.244141,9.369631,1701.065063,550.172974,
541,6814.244141,7.757895,1328.576294,549.639587,
542,6814.244141,9.491630,1602.079468,548.392578,
543,6814.244141,11.054618,1577.421509,542.192566,
544,6814.244141,9.150699,1469.623169,536.138489,
545,6814.244141,7.662234,1330.235352,489.277496,
546,6814.244141,4.522400,1676.902710,532.260193,
547,6814.244141,4.300761,1271.266113,516.452271,
548,6814.244141,4.299123,1665.106079,550.661133,
549,6814.244141,9.372464,1436.277344,541.949219,
550,6814.244141,9.791812,1329.161743,482.341980,
551,6814.244141,4.194157,1379.913696,537.315735,
552,6814.244141,4.183963,1548.461060,546.840576,
553,6814.244141,4.296368,1908.666992,557.226318,
554,6814.244141,9.356768,1259.309814,536.587708,
555,6814.244141,9.313275,1428.849121,550.121399,
556,6814.244141,9.644876,1063.306885,529.685791,
557,6814.244141,10.913589,1238.159668,544.728455,
558,6814.244141,8.891994,1739.192139,547.648376,
559,6814.244141,10.904328,1554.658813,543.601501,
560,6814.244141,9.137195,1451.014282,528.719788,
561,6814.244141,9.603448,1184.582275,533.187134,
562,6814.244141,13.873497,1670.888062,544.313599,
563,6814.244141,10.296741,1184.124756,529.804993,
564,6814.244141,8.802237,1515.912476,545.661011,
565,6814.244141,4.294099,1396.312622,543.208618,
566,6814.244141,10.805219,1599.905640,549.381226,
567,6814.244141,9.993595,1177.099121,521.892395,
568,6814.244141,4.460753,1648.079102,551.912659,
569,6814.244141,9.358775,1299.401367,542.677307,
570,6814.244141,10.725895,1129.569702,523.010010,
571,6814.244141,3.859570,1057.705566,528.459229,
572,6814.244141,4.295882,1304.761230,538.023376,
573,6814.244141,9.290144,1353.503296,542.604065,
574,6814.244141,9.367470,1407.432739,535.769775,
575,6814.244141,4.256742,1497.909058,541.356323,
576,6814.244141,4.298225,1395.882446,532.249573,
577,6814.244141,9.756285,1394.071777,550.772217,
578,6814.244141,4.296191,1370.079956,550.387817,
579,6814.244141,9.278769,1448.374146,533.285889,
580,6814.244141,4.119502,1515.737427,547.991394,
581,6814.244141,4.796879,1565.885620,543.445923,
582,6814.244141,10.708426,1578.964233,551.173340,
583,6814.244141,4.242083,1263.289185,528.536560,
584,6814.244141,4.370899,980.197021,531.018188,
585,6814.244141,4.042518,894.792419,455.893433,
586,6814.244141,9.018950,969.936096,276.424469,
587,6814.244141,10.743489,1243.403076,544.432861,
588,6814.244141,4.307189,1438.017334,548.963623,
589,6814.244141,4.306231,1334.290161,520.790710,
590,6814.244141,7.145409,1325.757446,540.965393,
591,6814.244141,11.234991,1503.165161,546.892944,
592,6814.244141,6.006579,1223.167480,537.268372,
593,6814.244141,4.294563,1333.206909,539.657104,
594,6814.244141,4.298303,1275.222046,529.045105,
595,6814.244141,7.871736,1133.535400,546.502319,
596,6814.244141,9.031380,1094.053345,541.461975,
597,6814.244141,8.930058,1219.778687,545.226685,
598,6814.244141,3.902438,1429.571045,547.936279,
599,6814.244141,10.419781,1415.343140,547.217224,
600,6814.244141,9.794892,1040.434937,541.085083,
601,6814.244141,4.222583,1130.241577,531.614258,
602,6814.244141,10.619881,1191.640259,533.901917,
603,6814.244141,8.967588,1224.389404,543.910095,
604,6814.244141,9.565372,1048.795288,538.598389,
605,6814.244141,3.913634,1212.710938,543.121582,
606,6814.244141,9.779634,1644.122681,554.611877,
607,6814.244141,9.834873,1035.875366,549.187927,
608,6814.244141,4.253802,1219.569336,550.386658,
609,6814.244141,9.376308,1350.161987,548.339539,
610,6814.244141,4.146560,1185.354980,549.121094,
611,6814.244141,10.691152,1321.078979,534.763611,
612,6814.244141,10.062867,861.755615,533.448914,
613,6814.244141,4.298744,1300.016602,552.141724,
614,6814.244141,4.912852,1181.549561,548.430298,
615,6814.244141,9.298570,1026.727783,543.869690,
616,6814.244141,10.064062,1390.942749,549.757507,
617,6814.244141,4.568969,1561.001953,554.791504,
618,6814.244141,9.827528,1434.855225,549.265076,
619,6814.244141,8.998306,1305.424561,547.812866,
620,6814.244141,4.294832,1460.777222,551.674561,
621,6814.244141,10.744390,1553.737305,547.584534,
622,6814.244141,9.382848,1394.757690,549.978516,
623,6814.244141,4.297809,1252.145996,480.600037,
624,6814.244141,10.157396,1109.117676,535.652527,
625,6814.244141,9.800492,1245.900879,545.464294,
626,6814.244141,5.387841,1077.193726,544.206909,
627,6814.244141,18.069901,1218.883423,537.289856,
628,6814.244141,9.280754,1392.593628,550.442932,
629,6814.244141,4.054853,895.631042,492.832001,
630,6814.244141,3.935727,1272.070190,533.371704,
631,6814.244141,8.820668,1182.457275,535.145264,
632,6814.244141,9.479180,1500.343872,546.446289,
633,6814.244141,4.207972,1122.529907,543.751587,
634,6814.244141,9.443270,1021.226440,540.127808,
635,6814.244141,9.162525,1513.455200,549.913879,
636,6814.244141,8.890826,1224.315186,545.330200,
637,6814.244141,4.593514,1538.045776,548.863892,
638,6814.244141,8.928856,1282.782837,547.716980,
639,6814.244141,4.785610,1157.821289,541.293823,
640,6814.244141,9.190651,1040.208130,542.680664,
641,6814.244141,11.197382,1009.267700,540.467773,
642,6814.244141,9.852290,765.059570,515.090881,
643,6814.244141,10.052857,934.147461,543.376648,
644,6814.244141,8.607065,1000.504272,546.017822,
645,6814.244141,9.811195,998.486206,537.714600,
646,6814.244141,4.310360,827.953979,501.159790,
647,6814.244141,9.252221,1045.716431,541.705078,
648,6814.244141,4.136587,1155.548096,544.727966,
649,6814.244141,4.027725,1181.445190,548.231689,
650,6814.244141,11.049371,1310.312378,550.422668,
651,6814.244141,4.201146,1177.763550,545.778076,
652,6814.244141,7.339848,1252.903198,532.007507,
653,6814.244141,4.030364,1485.780762,551.315430,
654,6814.244141,10.134637,1261.570190,543.898010,
655,6814.244141,4.122817,1076.242798,541.466248,
656,6814.244141,9.342968,1193.963745,543.021606,
657,6814.244141,9.286629,1500.404175,547.878601,
658,6814.244141,11.254168,1564.792847,552.709412,
659,6814.244141,4.305160,1111.552368,541.194336,
660,6814.244141,10.536638,1293.239502,549.253967,
661,6814.244141,5.538945,858.637024,531.954590,
662,6814.244141,4.249247,856.644531,497.330475,
663,6814.244141,4.296978,851.575867,539.574768,
664,6814.244141,6.268525,1122.154419,542.031799,
665,6814.244141,4.170011,1080.312988,542.613281,
666,6814.244141,4.186014,1140.649658,542.272339,
667,6814.244141,3.901318,1265.597290,548.156982,
668,6814.244141,11.023196,1523.921509,537.325806,
669,6814.244141,8.907648,1508.190063,549.773865,
670,6814.244141,4.197250,1280.549316,550.043518,
671,6814.244141,10.834079,1447.415894,539.638245,
672,6814.244141,9.079812,1259.789307,543.236206,
673,6814.244141,8.963962,1337.141479,546.518860,
674,6814.244141,9.165533,1388.399536,549.766602,
675,6814.244141,3.954891,1415.850464,542.362854,
676,6814.244141,4.122837,1500.910522,541.263428,
677,6814.244141,4.226024,1238.657349,524.295715,
678,6814.244141,4.794681,1245.395996,534.423035,
679,6814.244141,4.035645,1275.578979,545.853027,
680,6814.244141,3.942574,1286.861084,529.870544,
681,6814.244141,4.060191,1315.632812,542.804443,
682,6814.244141,3.832027,1137.538086,481.861481,
683,6814.244141,5.426680,1137.247437,538.740295,
684,6814.244141,4.186832,1126.716431,541.777588,
685,6814.244141,4.123969,1415.945557,549.164490,
686,6814.244141,9.327079,1059.251099,532.158020,
687,6814.244141,4.298989,1215.666382,533.395752,
688,6814.244141,10.249214,1595.297729,538.676147,
689,6814.244141,9.182044,1433.289429,535.253601,
690,6814.244141,9.113821,1102.323975,533.320923,
691,6814.244141,9.467063,1270.810913,543.901794,
692,6814.244141,11.496426,1521.212402,548.571472,
693,6814.244141,4.307325,1623.330811,544.738220,
694,6814.244141,4.284791,1211.970459,549.583374,
695,6814.244141,3.914578,1298.014038,543.498047,
696,6814.244141,4.306709,1156.043823,523.329163,
697,6814.244141,10.071064,972.571289,535.337524,
698,6814.244141,8.685946,1358.110229,549.949585,
699,6814.244141,4.296213,1440.238525,545.016235,
700,6814.244141,9.896447,1282.189453,549.537903,
701,6814.244141,9.165300,1114.935791,537.813904,
702,6814.244141,4.127190,1506.367676,547.589844,
703,6814.244141,9.306291,1171.912842,543.537964,
704,6814.244141,4.294272,1155.586914,536.196045,
705,6814.244141,8.834990,1131.236694,543.409668,
706,6814.244141,10.035269,1099.729614,519.118347,
707,6814.244141,9.060258,1375.433105,544.143066,
708,6814.244141,9.401072,1111.249756,544.132080,
709,6814.244141,4.038507,1224.568604,541.367737,
710,6814.244141,9.309708,1860.810669,555.064453,
711,6814.244141,4.497663,1304.872803,544.322144,
712,6814.244141,9.473220,1475.740845,549.070251,
713,6814.244141,9.608917,1902.326294,1906.521729,
714,6814.244141,8.944150,1454.420288,542.145081,
715,6814.244141,4.139882,1913.508545,553.371277,
716,6814.244141,9.348410,1519.634033,548.061951,
717,6814.244141,4.043858,1784.775513,547.900024,
718,6814.244141,9.605558,1677.428833,543.034241,
719,6814.244141,10.478743,1744.370483,549.505371,
720,6814.244141,4.292779,2016.342529,551.723755,
721,6814.244141,9.102891,1781.062866,550.708435,
722,6814.244141,9.046734,1989.748413,549.260925,
723,6814.244141,9.092603,2059.502197,551.745178,
724,10832.346680,10.112082,1979.553589,549.260620,
725,10832.346680,9.962789,1982.519287,548.394531,
726,10832.346680,4.011413,1442.466431,542.915649,
727,10832.346680,4.237400,1347.478760,541.342773,
728,10832.346680,9.086634,1290.501709,513.244629,
729,10832.346680,9.101505,1450.399292,547.356628,
730,10832.346680,12.012071,1472.503052,549.795349,
731,10832.346680,4.149795,1541.587402,544.730774,
732,10832.346680,9.069351,1439.052246,543.680664,
733,10832.346680,9.892467,1493.122925,545.416809,
734,10832.346680,9.714263,1609.281982,546.219666,
735,10832.346680,9.315664,1427.125977,545.176880,
736,10832.346680,10.950182,968.378479,534.250244,
737,10832.346680,3.849996,1072.871460,526.466980,
738,10832.346680,11.851843,1454.274414,545.597107,
739,10832.346680,9.144974,1072.363770,542.924744,
740,10832.346680,4.334649,1560.531250,541.772278,
741,10832.346680,3.886162,1475.592529,545.774048,
742,10832.346680,4.027892,1075.132080,540.554016,
743,10832.346680,8.754457,811.826538,402.593994,
744,10832.346680,3.901883,1015.776550,535.711243,
745,10832.346680,5.300373,1093.564819,544.174377,
746,10832.346680,9.322501,1266.951416,542.314148,
747,10832.346680,9.148274,1096.753662,506.616211,
748,10832.346680,4.298006,1356.975464,543.164856,
749,10832.346680,8.866877,1057.202637,499.569794,
750,10832.346680,11.291543,1517.376343,540.272095,
751,10832.346680,9.047482,1303.692993,537.036377,
752,10832.346680,9.144342,1333.708374,537.747559,
753,10832.346680,4.121604,1161.256104,523.708679,
754,10832.346680,10.862123,1342.044556,544.638550,
755,10832.346680,9.140398,1343.775513,539.514709,
756,10832.346680,10.278409,1497.905884,543.440308,
757,10832.346680,10.543548,1612.934326,543.498840,
758,10832.346680,4.132552,1342.707275,540.828491,
759,10832.346680,11.430184,1449.760498,531.707092,
760,10832.346680,12.837651,1420.419922,538.096558,
761,10832.346680,10.366184,1698.813599,549.183655,
762,10832.346680,8.883458,1420.842651,542.062683,
763,10832.346680,4.015183,1364.460815,541.279907,
764,10832.346680,9.094324,1396.935669,537.230408,
765,10832.346680,4.290731,1249.193848,538.498657,
766,10832.346680,11.039693,1398.985107,546.432434,
767,10832.346680,4.214073,1466.903442,540.938843,
768,10832.346680,9.165165,1833.600708,541.598755,
769,10832.346680,4.187718,1602.993896,539.130432,
770,10832.346680,4.602201,1394.630737,542.095093,
771,10832.346680,4.114275,1277.372925,517.127319,
772,10832.346680,4.119571,1077.188110,522.644348,
773,10832.346680,9.194070,1167.640381,535.089172,
774,10832.346680,9.891618,1113.941528,537.047607,
775,10832.346680,9.356103,916.864929,496.061676,
776,10832.346680,4.177166,1018.630249,495.284729,
777,10832.346680,10.383469,1423.520020,542.611511,
778,10832.346680,9.375145,1308.328735,524.094971,
779,10832.346680,8.897219,1128.331543,536.530701,
780,10832.346680,3.855183,1250.635376,540.987732,
781,10832.346680,9.211535,1356.452393,546.466003,
782,10832.346680,9.612751,1268.744263,536.342285,
783,10832.346680,9.287858,1233.176758,535.298035,
784,10832.346680,9.393620,1095.424072,533.013306,
785,10832.346680,9.068161,1117.185181,526.318237,
786,10832.346680,9.000149,1181.086670,505.842407,
787,10832.346680,9.987894,983.289185,516.174683,
788,10832.346680,3.799036,959.567505,533.527649,
789,10832.346680,8.762980,1109.855469,543.470093,
790,10832.346680,9.141196,903.031067,504.772400,
791,10832.346680,3.897821,1260.525757,538.927856,
792,10832.346680,3.880605,1109.473755,536.141174,
793,10832.346680,3.857981,1156.810303,540.289673,
794,10832.346680,9.715128,1291.465454,532.837036,
795,10832.346680,9.109197,1413.190063,543.684021,
796,10832.346680,8.841387,1487.227173,545.407776,
797,10832.346680,3.878156,1685.256226,549.669556,
798,10832.346680,10.969397,1457.075928,540.465759,
799,10832.346680,9.028434,1267.072876,530.451782,
800,10832.346680,3.878787,1400.153442,543.733398,
801,10832.346680,12.145911,1411.742432,535.480408,
802,10832.346680,3.876133,1223.163208,538.387390,
803,10832.346680,9.800252,1380.301880,541.028931,
804,10832.346680,9.114385,1317.002808,527.449646,
805,10832.346680,4.249596,1396.982422,535.808655,
806,10832.346680,11.488716,1100.861450,527.786377,
807,10832.346680,11.871266,1434.848999,540.725952,
808,10832.346680,9.746965,1114.293823,530.074646,
809,10832.346680,9.310817,1187.060425,526.908875,
810,10832.346680,3.865100,1239.332764,534.862610,
811,10832.346680,9.162927,1432.493530,536.227539,
812,10832.346680,3.906602,1357.088745,533.645691,
813,10832.346680,10.210683,1392.866943,532.166138,
814,10832.346680,8.844077,1325.298706,536.888855,
815,10832.346680,12.453368,1359.152832,538.307739,
816,10832.346680,4.138098,1283.854736,532.694092,
817,10832.346680,3.862422,1176.729858,526.997437,
818,10832.346680,9.127354,1363.100586,542.513062,
819,10832.346680,3.707028,1072.629517,534.198120,
820,10832.346680,9.360751,1242.533936,535.705505,
821,10832.346680,8.887586,1279.182739,535.178650,
822,10832.346680,9.387815,1060.141968,537.692383,
823,10832.346680,11.573241,1084.090942,524.953918,
824,10832.346680,9.113945,1253.392700,548.308350,
825,10832.346680,9.329875,1259.676880,547.100220,
826,10832.346680,10.607786,1290.599365,544.957092,
827,10832.346680,8.886437,1560.334229,545.929199,
828,10832.346680,6.946254,1398.618896,530.621521,
829,10832.346680,9.430906,1366.255005,541.112122,
830,10832.346680,8.733393,1864.963867,550.339172,
831,10832.346680,10.288543,1553.323364,546.273132,
832,10832.346680,9.121345,1393.307739,545.436279,
833,10832.346680,4.002661,1559.006836,547.611084,
834,10832.346680,9.621257,1251.078979,529.287292,
835,10832.346680,9.803095,1306.498169,544.204041,
836,10832.346680,10.286827,1496.210327,547.267029,
837,10832.346680,9.241701,1317.005859,545.142334,
838,10832.346680,4.211028,1226.557983,537.452026,
839,10832.346680,4.296596,1244.026855,546.005310,
840,10832.346680,4.123766,1442.821655,542.819275,
841,10832.346680,3.865569,1594.468262,541.778564,
842,10832.346680,9.198508,1211.709106,542.559814,
843,10832.346680,4.432882,1141.796387,537.502747,
844,10832.346680,9.383775,1319.541016,542.611938,
845,10832.346680,5.447993,1465.588257,541.904053,
846,10832.346680,14.712151,1325.012573,541.345703,
847,10832.346680,4.297455,1262.741455,529.103149,
848,10832.346680,9.288718,1245.289185,542.019043,
849,10832.346680,3.888716,1609.287231,550.119873,
850,10832.346680,9.653055,979.500854,530.344482,
851,10832.346680,9.050018,1052.821411,512.040833,
852,10832.346680,9.214266,1296.472290,546.003723,
853,10832.346680,9.052292,1118.362549,534.190063,
854,10832.346680,9.544166,976.324219,522.862305,
855,10832.346680,9.043232,996.270569,535.032593,
856,10832.346680,10.108709,1055.346436,539.780396,
857,10832.346680,4.136824,915.491394,525.746765,
858,10832.346680,4.015216,1079.555786,538.999207,
859,10832.346680,3.835499,1293.269287,539.500610,
860,10832.346680,6.643226,1454.037964,548.578125,
861,10832.346680,11.385168,1232.449219,538.263977,
862,10832.346680,4.136532,1047.083008,520.485535,
863,10832.346680,9.249599,1284.898315,534.776062,
864,10832.346680,9.138793,1180.406982,533.330872,
865,10832.346680,11.995058,1516.899414,547.268433,
866,10832.346680,10.272550,1563.843262,547.755615,
867,10832.346680,9.623322,1360.604614,542.715332,
868,10832.346680,9.216736,1743.154419,2077.983398,
869,10832.346680,4.494814,1727.642578,549.990417,
870,10832.346680,4.151340,1766.004761,546.173950,
871,10832.346680,9.357010,1721.961060,542.765015,
872,10832.346680,4.116521,1274.535889,537.226868,
873,10832.346680,9.071126,1585.338013,533.506165,
874,10832.346680,10.156517,1758.253784,549.575928,
875,10832.346680,9.309355,1659.717896,535.964783,
876,10832.346680,9.060079,1819.989258,550.549683,
877,10832.346680,3.867720,1584.199219,550.982178,
878,10832.346680,11.271100,1431.835449,537.793457,
879,10832.346680,12.622360,1568.747925,544.631897,
880,10832.346680,9.074428,1535.244995,548.754639,
881,10832.346680,3.937354,1144.530884,521.903076,
882,10832.346680,8.681738,1191.977051,518.059753,
883,10832.346680,3.885713,1301.132935,542.085205,
884,10832.346680,3.808105,971.596069,497.679901,
885,10832.346680,4.735281,1087.271729,534.761475,
886,10832.346680,9.856441,1104.814453,546.284302,
887,10832.346680,9.927110,1127.976685,543.713745,
888,10832.346680,9.766529,1105.804688,543.380005,
889,10832.346680,9.749470,942.492615,523.725464,
890,10832.346680,4.252631,1181.279053,544.334045,
891,10832.346680,4.239674,1239.159302,545.454407,
892,10832.346680,5.701022,1488.102905,548.621704,
893,10832.346680,9.936693,1283.425049,543.464478,
894,10832.346680,4.265283,1159.203735,538.005432,
895,10832.346680,10.567476,1191.902222,543.822632,
896,10832.346680,3.810135,1068.959351,515.804260,
897,10832.346680,4.616196,1297.632202,545.140625,
898,10832.346680,9.226931,935.348999,529.375610,
899,10832.346680,9.109049,900.273254,543.354797,
900,10832.346680,10.025574,1011.397583,545.581543,
901,10832.346680,8.601605,1134.342896,534.324707,
902,10832.346680,4.330929,1035.154297,539.494690,
903,10832.346680,4.290919,884.443848,524.404724,
904,10832.346680,9.395190,914.051270,534.850281,
905,10832.346680,9.925123,1011.772156,534.409912,
906,10832.346680,9.296151,1050.541260,540.269897,
907,10832.346680,9.337894,1079.528809,538.349670,
908,10832.346680,3.910155,780.716187,523.597229,
909,10832.346680,3.876840,1027.675537,542.931580,
910,10832.346680,4.995628,1050.727905,536.547974,
911,10832.346680,3.915017,930.614929,511.319183,
912,10832.346680,4.204281,1382.233398,548.704163,
913,10832.346680,10.061604,1295.929199,545.171326,
914,10832.346680,4.014006,1234.703491,525.875305,
915,10832.346680,4.012477,1347.326416,540.203064,
916,10832.346680,4.320265,1337.769897,525.641663,
917,10832.346680,3.836209,1373.342529,546.340576,
918,10832.346680,9.946235,1427.713013,542.737000,
919,10832.346680,9.674542,1700.140137,552.464783,
920,10832.346680,4.034858,1249.212891,544.072449,
921,10832.346680,10.084833,1426.365601,546.905884,
922,10832.346680,10.184988,1107.929810,541.634094,
923,10832.346680,14.127357,1573.159424,549.405579,
924,10832.346680,10.661045,1450.689575,545.274780,
925,10832.346680,4.045352,1499.582031,546.076660,
926,10832.346680,4.359912,1346.823730,540.973511,
927,10832.346680,3.996360,1539.227417,547.709473,
928,10832.346680,4.232009,1330.246338,541.414795,
929,10832.346680,9.668955,1293.981079,547.890747,
930,10832.346680,10.035106,1543.212280,547.358032,
931,10832.346680,3.922956,1621.460205,553.009949,
932,10832.346680,4.298686,1291.874512,547.530151,
933,10832.346680,10.079803,1299.655762,548.639160,
934,10832.346680,9.207639,1548.739258,548.804932,
935,10832.346680,10.710793,1679.307251,550.509399,
936,10832.346680,9.881563,1471.943115,549.036987,
937,10832.346680,7.868005,1339.519165,534.912048,
938,10832.346680,4.540872,1280.247070,538.029480,
939,10832.346680,10.905356,1608.507568,546.840942,
940,10832.346680,4.107296,1248.418335,547.488525,
941,10832.346680,9.108970,1179.004150,542.176025,
942,10832.346680,11.151509,1361.133911,550.550171,
943,10832.346680,4.143313,1507.722656,547.256287,
944,10832.346680,3.880905,1532.850098,547.338684,
945,10832.346680,8.546334,1407.689209,543.799500,
946,10832.346680,8.131420,1466.404785,549.318420,
947,10832.346680,3.872784,1450.690674,547.407959,
948,10832.346680,9.695310,1430.011963,546.382935,
949,10832.346680,9.463745,1470.327637,538.537598,
950,10832.346680,9.514023,1520.807129,549.668091,
951,10832.346680,4.606938,1376.768311,548.079285,
952,10832.346680,9.826734,1397.351562,547.230774,
953,10832.346680,11.094144,1529.142090,546.555786,
954,10832.346680,9.755419,1268.676147,505.318665,
955,10832.346680,8.667452,1360.463745,546.146606,
956,10832.346680,9.550622,1425.828369,548.768311,
957,10832.346680,4.353225,1109.525024,535.921326,
958,10832.346680,4.308941,1251.028442,548.390747,
959,10832.346680,11.811782,1127.667847,537.119995,
960,10832.346680,4.040127,868.637939,542.178223,
961,10832.346680,10.432050,951.151611,523.651123,
962,10832.346680,4.438294,951.489441,513.410950,
963,10832.346680,4.026940,878.140076,484.827301,
964,10832.346680,9.666185,987.500488,537.459595,
965,10832.346680,9.724533,1093.991089,520.801636,
966,10832.346680,8.936301,946.054016,534.252930,
967,10832.346680,4.113489,859.390076,519.359131,
968,10832.346680,9.592835,1104.556396,539.680420,
969,10832.346680,3.798089,1208.793701,539.085266,
970,10832.346680,3.912486,924.829285,516.174927,
971,10832.346680,9.690492,1077.329834,534.707764,
972,10832.346680,10.732624,1293.668945,546.523315,
973,10832.346680,8.802873,1221.823730,549.677551,
974,10832.346680,9.097136,1472.405884,547.489563,
975,10832.346680,4.116721,1345.242310,547.993469,
976,10832.346680,9.134503,1152.400757,543.506104,
977,10832.346680,4.127458,1588.623169,549.199158,
978,10832.346680,3.868980,1644.116455,550.256653,
979,10832.346680,9.454075,1585.526245,542.468262,
980,10832.346680,9.062719,1779.365967,546.042358,
981,10832.346680,4.381556,1552.665649,538.014954,
982,10832.346680,4.033875,1872.523926,548.299622,
983,10832.346680,8.948129,1292.618042,541.220886,
984,10832.346680,11.525988,1446.422241,541.126709,
985,10832.346680,10.346732,1606.816528,544.538513,
986,10832.346680,3.849341,1723.208984,547.302856,
987,10832.346680,9.051381,1988.469116,551.148499,
988,10832.346680,6.127325,1768.347778,545.173950,
989,10832.346680,9.172396,1839.373657,546.106995,
990,10832.346680,5.312407,2029.533569,552.116577,
991,10832.346680,9.117574,1655.819824,544.125488,
992,10832.346680,4.293782,1460.220215,543.680725,
993,10832.346680,8.875768,1299.294189,534.838013,
994,10832.346680,10.069244,1660.716675,543.789734,
995,10832.346680,8.674643,1283.022461,516.309875,
996,10832.346680,4.019199,1667.584106,549.227234,
997,10832.346680,3.888347,1321.361816,540.233215,
998,10832.346680,4.061941,1428.907104,546.896545,
999,10832.346680,10.704656,1185.901733,539.169128,
1000,10832.346680,9.406610,1542.747314,545.600647,
